pad_id,core_net,side,macro,rotation_deg,origin_x_um,origin_y_um,pad_label_x_um,pad_label_y_um,bond_status
P01,GND,south,gf180mcu_fd_io__dvss,0,355,0,392.985,32.735,proposed functional bond
P02,VDD,south,gf180mcu_fd_io__dvdd,0,430,0,468.90000000000003,34.275,proposed functional bond
P03,BIAS,south,gf180mcu_fd_io__asig_5p0,0,505,0,542.595,33.1,proposed functional bond
P04,SEL0,south,gf180mcu_fd_io__asig_5p0,0,580,0,617.595,33.1,proposed functional bond
P05,SEL1,south,gf180mcu_fd_io__asig_5p0,0,655,0,692.595,33.1,proposed functional bond
P06,SEL2,south,gf180mcu_fd_io__asig_5p0,0,730,0,767.595,33.1,proposed functional bond
P07,GND,east,gf180mcu_fd_io__dvss,90,1210,355,1177.265,392.985,proposed functional bond
P08,PREF,east,gf180mcu_fd_io__asig_5p0,90,1210,430,1176.9,467.595,proposed functional bond
P09,BUF,east,gf180mcu_fd_io__asig_5p0,90,1210,505,1176.9,542.595,proposed functional bond
P10,COL2,east,gf180mcu_fd_io__asig_5p0,90,1210,580,1176.9,617.595,optional diagnostic / loading review
P11,COL1,east,gf180mcu_fd_io__asig_5p0,90,1210,655,1176.9,692.595,optional diagnostic / loading review
P12,COL0,east,gf180mcu_fd_io__asig_5p0,90,1210,730,1176.9,767.595,optional diagnostic / loading review
P13,GND,north,gf180mcu_fd_io__dvss,180,855,1210,817.015,1177.265,proposed functional bond
P14,VDD,north,gf180mcu_fd_io__dvdd,180,780,1210,741.1,1175.7250000000001,proposed functional bond
P15,OUT,north,gf180mcu_fd_io__asig_5p0,180,705,1210,667.405,1176.9,optional diagnostic / loading review
P16,RST2,north,gf180mcu_fd_io__asig_5p0,180,630,1210,592.405,1176.9,proposed functional bond
P17,ROW2,north,gf180mcu_fd_io__asig_5p0,180,555,1210,517.405,1176.9,proposed functional bond
P18,VRESET,north,gf180mcu_fd_io__asig_5p0,180,480,1210,442.40500000000003,1176.9,proposed functional bond
P19,GND,west,gf180mcu_fd_io__dvss,270,0,855,32.735,817.015,proposed functional bond
P20,RST1,west,gf180mcu_fd_io__asig_5p0,270,0,780,33.1,742.405,proposed functional bond
P21,ROW1,west,gf180mcu_fd_io__asig_5p0,270,0,705,33.1,667.405,proposed functional bond
P22,RST0,west,gf180mcu_fd_io__asig_5p0,270,0,630,33.1,592.405,proposed functional bond
P23,ROW0,west,gf180mcu_fd_io__asig_5p0,270,0,555,33.1,517.405,proposed functional bond
P24,VDD,west,gf180mcu_fd_io__dvdd,270,0,480,34.275,441.1,proposed functional bond
