Reference,Value_or_MPN,Footprint,Note
P1,POGO_TARGET,OIS:Target_2p4,
P2,POGO_TARGET,OIS:Target_2p4,
P3,POGO_TARGET,OIS:Target_2p4,
P4,POGO_TARGET,OIS:Target_2p4,
P5,POGO_TARGET,OIS:Target_2p4,
P6,POGO_TARGET,OIS:Target_2p4,
P7,POGO_TARGET,OIS:Target_2p4,
P8,POGO_TARGET,OIS:Target_2p4,
P9,POGO_TARGET,OIS:Target_2p4,
P10,POGO_TARGET,OIS:Target_2p4,
P11,POGO_TARGET,OIS:Target_2p4,
P12,POGO_TARGET,OIS:Target_2p4,
P13,POGO_TARGET,OIS:Target_2p4,
P14,POGO_TARGET,OIS:Target_2p4,
P15,POGO_TARGET,OIS:Target_2p4,
P16,POGO_TARGET,OIS:Target_2p4,
P17,POGO_TARGET,OIS:Target_2p4,
P18,POGO_TARGET,OIS:Target_2p4,
P19,POGO_TARGET,OIS:Target_2p4,
P20,POGO_TARGET,OIS:Target_2p4,
P21,POGO_TARGET,OIS:Target_2p4,
P22,POGO_TARGET,OIS:Target_2p4,
P23,POGO_TARGET,OIS:Target_2p4,
P24,POGO_TARGET,OIS:Target_2p4,
U1,OIS_3x3_BARE_DIE_PROVISIONAL,OIS:Bond_3x3_PROVISIONAL,Landing pad positions/finish and die attach subject to wire-bond provider; not die pad centers
R1,5.1M 1%,OIS:Resistor_SMD_R_0805_2012Metric,
R2,49.9k 1%,OIS:Resistor_SMD_R_0805_2012Metric,
C1,100n,OIS:Capacitor_SMD_C_0805_2012Metric,
